{"stats":{"minecraft:mined":{"minecraft:grass":10,"minecraft:dark_oak_leaves":8,"minecraft:dark_oak_log":2},"minecraft:custom":{"minecraft:time_since_rest":4932,"minecraft:crouch_one_cm":144,"minecraft:play_time":4932,"minecraft:sprint_one_cm":4310,"minecraft:damage_taken":20,"minecraft:walk_one_cm":5328,"minecraft:sneak_time":46,"minecraft:drop":3,"minecraft:jump":40,"minecraft:leave_game":1,"minecraft:time_since_death":4932,"minecraft:walk_on_water_one_cm":208,"minecraft:total_world_time":4932,"minecraft:interact_with_crafting_table":8,"minecraft:fall_one_cm":1947,"minecraft:fly_one_cm":5000},"minecraft:dropped":{"minecraft:stick":3},"minecraft:used":{"minecraft:crafting_table":2},"minecraft:crafted":{"minecraft:dark_oak_planks":8,"minecraft:crafting_table":2},"minecraft:picked_up":{"minecraft:stick":4,"minecraft:wheat_seeds":3,"minecraft:dark_oak_log":2}},"DataVersion":3465}