{"stats":{"minecraft:used":{"iron_ender_chests:redstone_ender_chest":1,"minecraft:redstone_torch":14,"additionallanterns:brown_bricks_lantern":1,"additionallanterns:black_basalt_lantern":1,"supplementaries:present_black":1,"supplementaries:globe_sepia":1,"adchimneys:metal_pump":2,"mekanismgenerators:wind_generator":1,"supplementaries:clock_block":1,"dragonmounts:spawn_egg":1,"adchimneys:stone_pump":3,"connectedglass:borderless_glass":11,"corail_woodcutter:birch_woodcutter":1,"adchimneys:metal_chimney":1,"additionallanterns:brown_bone_lantern":2,"additional_lights:fire_pit_l_polished_blackstone":1,"minecraft:stone_bricks":3,"blue_skies:alchemy_scroll":3,"bonetorch:bonetorch":1,"additional_lights:al_lamp_birch_planks":4,"arthys_rpg_arms:skulk_hammer":1,"minecraft:tnt":23,"minecraft:crafting_table":2,"additional_lights:al_torch_end_stone":2,"additional_lights:standing_torch_l_polished_blackstone":1,"createoreexcavation:extractor":1,"adchimneys:stone_vent":5,"supplementaries:bamboo_spikes_tipped":1,"minecraft:oak_wood":101,"additionallanterns:yellow_basalt_lantern":1,"dungeonsweaponry:sabrewing":2,"mekanism:advanced_injecting_factory":1,"disenchanting_table:disenchanting_table":1,"adchimneys:stone_chimney":4,"additionallanterns:blue_amethyst_lantern":1,"iron_ender_chests:netherite_ender_chest":1,"adchimneys:metal_vent":2,"adchimneys:pipe":2,"additional_lights:fire_pit_s_pink_wool":1,"adchimneys:glass_chimney":3},"minecraft:mined":{"minecraft:dark_oak_leaves":8,"minecraft:dark_oak_log":2,"minecraft:grass":10},"minecraft:custom":{"minecraft:time_since_rest":45554,"minecraft:sprint_one_cm":17542,"minecraft:open_enderchest":2,"minecraft:damage_taken":20,"minecraft:walk_one_cm":57282,"minecraft:mob_kills":1,"minecraft:drop":71,"minecraft:damage_dealt":352,"minecraft:interact_with_crafting_table":8,"minecraft:fly_one_cm":320098,"minecraft:open_chest":3,"minecraft:crouch_one_cm":1525,"minecraft:play_time":45554,"minecraft:sneak_time":853,"minecraft:walk_under_water_one_cm":19748,"minecraft:jump":188,"minecraft:leave_game":4,"minecraft:time_since_death":45554,"minecraft:walk_on_water_one_cm":1188,"minecraft:total_world_time":45554,"corail_woodcutter:interact_with_sawmill":1,"minecraft:fall_one_cm":1947},"minecraft:dropped":{"create_sa:portable_drill":1,"minecraft:oak_wood":64,"connectedglass:borderless_glass":1,"minecraft:sand":16,"automobility:automobile_frame":1,"minecraft:stick":3},"minecraft:crafted":{"minecraft:crafting_table":2,"minecraft:dark_oak_planks":8},"minecraft:killed":{"minecraft:zombie":1},"minecraft:picked_up":{"minecraft:stick":4,"minecraft:sandstone":16,"minecraft:sand":16,"minecraft:dark_oak_log":2,"automobility:automobile_frame":1,"minecraft:wheat_seeds":3}},"DataVersion":3465}