{"stats":{"minecraft:custom":{"minecraft:time_since_rest":13601,"minecraft:crouch_one_cm":410,"minecraft:sprint_one_cm":8774,"minecraft:play_time":13601,"minecraft:damage_taken":20,"minecraft:walk_one_cm":13729,"minecraft:sneak_time":254,"minecraft:walk_under_water_one_cm":19748,"minecraft:mob_kills":1,"minecraft:drop":68,"minecraft:jump":102,"minecraft:damage_dealt":192,"minecraft:leave_game":2,"minecraft:walk_on_water_one_cm":1030,"minecraft:time_since_death":13601,"minecraft:total_world_time":13601,"minecraft:interact_with_crafting_table":8,"minecraft:fall_one_cm":1947,"minecraft:fly_one_cm":234731},"minecraft:used":{"minecraft:redstone_torch":14,"minecraft:tnt":23,"minecraft:crafting_table":2,"minecraft:oak_wood":101},"minecraft:picked_up":{"minecraft:stick":4,"minecraft:sandstone":16,"minecraft:wheat_seeds":3,"minecraft:sand":16,"minecraft:dark_oak_log":2},"minecraft:crafted":{"minecraft:dark_oak_planks":8,"minecraft:crafting_table":2},"minecraft:killed":{"minecraft:zombie":1},"minecraft:dropped":{"minecraft:sand":16,"minecraft:oak_wood":64,"minecraft:stick":3},"minecraft:mined":{"minecraft:grass":10,"minecraft:dark_oak_leaves":8,"minecraft:dark_oak_log":2}},"DataVersion":3465}