{
  "minecraft:recipes/decorations/crafting_table": {
    "criteria": {
      "unlock_right_away": "2024-05-11 16:27:33 +0000"
    },
    "done": true
  },
  "minecraft:adventure/adventuring_time": {
    "criteria": {
      "minecraft:taiga": "2024-05-12 16:09:09 +0000",
      "minecraft:beach": "2024-05-11 16:36:17 +0000",
      "minecraft:dark_forest": "2024-05-11 16:27:34 +0000",
      "minecraft:sparse_jungle": "2024-05-11 16:40:05 +0000",
      "minecraft:lukewarm_ocean": "2024-05-11 16:39:15 +0000",
      "minecraft:river": "2024-05-11 16:35:44 +0000",
      "minecraft:cold_ocean": "2024-05-12 16:34:24 +0000",
      "minecraft:lush_caves": "2024-05-11 16:36:27 +0000",
      "minecraft:jungle": "2024-05-11 16:39:41 +0000",
      "minecraft:ocean": "2024-05-11 16:36:21 +0000",
      "minecraft:savanna": "2024-05-11 16:40:34 +0000",
      "minecraft:plains": "2024-05-11 16:40:13 +0000"
    },
    "done": false
  },
  "minecraft:recipes/building_blocks/dark_oak_planks": {
    "criteria": {
      "has_log": "2024-05-11 16:27:49 +0000"
    },
    "done": true
  },
  "minecraft:recipes/misc/charcoal": {
    "criteria": {
      "has_log": "2024-05-11 16:27:49 +0000"
    },
    "done": true
  },
  "minecraft:recipes/building_blocks/dark_oak_wood": {
    "criteria": {
      "has_log": "2024-05-11 16:27:49 +0000"
    },
    "done": true
  },
  "minecraft:recipes/building_blocks/dark_oak_slab": {
    "criteria": {
      "has_planks": "2024-05-11 16:27:54 +0000"
    },
    "done": true
  },
  "minecraft:recipes/redstone/dark_oak_door": {
    "criteria": {
      "has_planks": "2024-05-11 16:27:54 +0000"
    },
    "done": true
  },
  "minecraft:recipes/redstone/dark_oak_fence_gate": {
    "criteria": {
      "has_planks": "2024-05-11 16:27:54 +0000"
    },
    "done": true
  },
  "minecraft:recipes/redstone/dark_oak_trapdoor": {
    "criteria": {
      "has_planks": "2024-05-11 16:27:54 +0000"
    },
    "done": true
  },
  "minecraft:recipes/redstone/dark_oak_button": {
    "criteria": {
      "has_planks": "2024-05-11 16:27:54 +0000"
    },
    "done": true
  },
  "minecraft:recipes/misc/stick": {
    "criteria": {
      "has_planks": "2024-05-11 16:27:54 +0000"
    },
    "done": true
  },
  "minecraft:recipes/decorations/barrel": {
    "criteria": {
      "has_planks": "2024-05-11 16:27:54 +0000"
    },
    "done": true
  },
  "minecraft:recipes/building_blocks/dark_oak_stairs": {
    "criteria": {
      "has_planks": "2024-05-11 16:27:54 +0000"
    },
    "done": true
  },
  "minecraft:recipes/decorations/dark_oak_sign": {
    "criteria": {
      "has_planks": "2024-05-11 16:27:54 +0000"
    },
    "done": true
  },
  "minecraft:recipes/redstone/dark_oak_pressure_plate": {
    "criteria": {
      "has_planks": "2024-05-11 16:27:54 +0000"
    },
    "done": true
  },
  "minecraft:recipes/decorations/dark_oak_fence": {
    "criteria": {
      "has_planks": "2024-05-11 16:27:54 +0000"
    },
    "done": true
  },
  "minecraft:story/root": {
    "criteria": {
      "crafting_table": "2024-05-11 16:27:57 +0000"
    },
    "done": true
  },
  "minecraft:recipes/decorations/ladder": {
    "criteria": {
      "has_stick": "2024-05-11 16:28:26 +0000"
    },
    "done": true
  },
  "minecraft:recipes/decorations/campfire": {
    "criteria": {
      "has_stick": "2024-05-11 16:28:26 +0000"
    },
    "done": true
  },
  "minecraft:recipes/tools/wooden_hoe": {
    "criteria": {
      "has_stick": "2024-05-11 16:28:26 +0000"
    },
    "done": true
  },
  "minecraft:recipes/tools/wooden_pickaxe": {
    "criteria": {
      "has_stick": "2024-05-11 16:28:26 +0000"
    },
    "done": true
  },
  "minecraft:recipes/tools/wooden_axe": {
    "criteria": {
      "has_stick": "2024-05-11 16:28:26 +0000"
    },
    "done": true
  },
  "minecraft:recipes/tools/wooden_shovel": {
    "criteria": {
      "has_stick": "2024-05-11 16:28:26 +0000"
    },
    "done": true
  },
  "minecraft:recipes/combat/wooden_sword": {
    "criteria": {
      "has_stick": "2024-05-11 16:28:26 +0000"
    },
    "done": true
  },
  "minecraft:recipes/transportation/mangrove_boat": {
    "criteria": {
      "in_water": "2024-05-11 16:29:07 +0000"
    },
    "done": true
  },
  "minecraft:recipes/transportation/acacia_boat": {
    "criteria": {
      "in_water": "2024-05-11 16:29:07 +0000"
    },
    "done": true
  },
  "minecraft:recipes/transportation/cherry_boat": {
    "criteria": {
      "in_water": "2024-05-11 16:29:07 +0000"
    },
    "done": true
  },
  "minecraft:recipes/transportation/bamboo_raft": {
    "criteria": {
      "in_water": "2024-05-11 16:29:07 +0000"
    },
    "done": true
  },
  "minecraft:recipes/transportation/spruce_boat": {
    "criteria": {
      "in_water": "2024-05-11 16:29:07 +0000"
    },
    "done": true
  },
  "minecraft:recipes/transportation/birch_boat": {
    "criteria": {
      "in_water": "2024-05-11 16:29:07 +0000"
    },
    "done": true
  },
  "minecraft:recipes/transportation/oak_boat": {
    "criteria": {
      "in_water": "2024-05-11 16:29:07 +0000"
    },
    "done": true
  },
  "minecraft:recipes/transportation/jungle_boat": {
    "criteria": {
      "in_water": "2024-05-11 16:29:07 +0000"
    },
    "done": true
  },
  "minecraft:recipes/transportation/dark_oak_boat": {
    "criteria": {
      "in_water": "2024-05-11 16:29:07 +0000"
    },
    "done": true
  },
  "minecraft:recipes/building_blocks/oak_planks": {
    "criteria": {
      "has_logs": "2024-05-11 16:34:10 +0000"
    },
    "done": true
  },
  "minecraft:recipes/redstone/repeater": {
    "criteria": {
      "has_redstone_torch": "2024-05-11 16:37:24 +0000"
    },
    "done": true
  },
  "minecraft:adventure/root": {
    "criteria": {
      "killed_something": "2024-05-11 16:39:02 +0000"
    },
    "done": true
  },
  "minecraft:adventure/kill_all_mobs": {
    "criteria": {
      "minecraft:zombie": "2024-05-11 16:39:02 +0000"
    },
    "done": false
  },
  "minecraft:adventure/kill_a_mob": {
    "criteria": {
      "minecraft:zombie": "2024-05-11 16:39:02 +0000"
    },
    "done": true
  },
  "minecraft:recipes/building_blocks/lime_concrete_powder": {
    "criteria": {
      "has_sand": "2024-05-11 16:39:05 +0000"
    },
    "done": true
  },
  "minecraft:recipes/building_blocks/sandstone_stairs": {
    "criteria": {
      "has_sandstone": "2024-05-11 16:39:05 +0000"
    },
    "done": true
  },
  "minecraft:recipes/building_blocks/light_gray_concrete_powder": {
    "criteria": {
      "has_sand": "2024-05-11 16:39:05 +0000"
    },
    "done": true
  },
  "minecraft:recipes/building_blocks/pink_concrete_powder": {
    "criteria": {
      "has_sand": "2024-05-11 16:39:05 +0000"
    },
    "done": true
  },
  "minecraft:recipes/building_blocks/sandstone_slab": {
    "criteria": {
      "has_sandstone": "2024-05-11 16:39:05 +0000"
    },
    "done": true
  },
  "minecraft:recipes/building_blocks/orange_concrete_powder": {
    "criteria": {
      "has_sand": "2024-05-11 16:39:05 +0000"
    },
    "done": true
  },
  "minecraft:recipes/building_blocks/red_concrete_powder": {
    "criteria": {
      "has_sand": "2024-05-11 16:39:05 +0000"
    },
    "done": true
  },
  "minecraft:recipes/building_blocks/magenta_concrete_powder": {
    "criteria": {
      "has_sand": "2024-05-11 16:39:05 +0000"
    },
    "done": true
  },
  "minecraft:recipes/building_blocks/cut_sandstone_from_sandstone_stonecutting": {
    "criteria": {
      "has_sandstone": "2024-05-11 16:39:05 +0000"
    },
    "done": true
  },
  "minecraft:recipes/building_blocks/brown_concrete_powder": {
    "criteria": {
      "has_sand": "2024-05-11 16:39:05 +0000"
    },
    "done": true
  },
  "minecraft:recipes/building_blocks/chiseled_sandstone_from_sandstone_stonecutting": {
    "criteria": {
      "has_sandstone": "2024-05-11 16:39:05 +0000"
    },
    "done": true
  },
  "minecraft:recipes/building_blocks/light_blue_concrete_powder": {
    "criteria": {
      "has_sand": "2024-05-11 16:39:05 +0000"
    },
    "done": true
  },
  "minecraft:recipes/building_blocks/glass": {
    "criteria": {
      "has_smelts_to_glass": "2024-05-11 16:39:05 +0000"
    },
    "done": true
  },
  "minecraft:recipes/building_blocks/smooth_sandstone": {
    "criteria": {
      "has_sandstone": "2024-05-11 16:39:05 +0000"
    },
    "done": true
  },
  "minecraft:recipes/building_blocks/green_concrete_powder": {
    "criteria": {
      "has_sand": "2024-05-11 16:39:05 +0000"
    },
    "done": true
  },
  "minecraft:recipes/decorations/sandstone_wall_from_sandstone_stonecutting": {
    "criteria": {
      "has_sandstone": "2024-05-11 16:39:05 +0000"
    },
    "done": true
  },
  "minecraft:recipes/building_blocks/blue_concrete_powder": {
    "criteria": {
      "has_sand": "2024-05-11 16:39:05 +0000"
    },
    "done": true
  },
  "minecraft:recipes/building_blocks/cut_sandstone_slab_from_sandstone_stonecutting": {
    "criteria": {
      "has_sandstone": "2024-05-11 16:39:05 +0000"
    },
    "done": true
  },
  "minecraft:recipes/building_blocks/cut_sandstone": {
    "criteria": {
      "has_sandstone": "2024-05-11 16:39:05 +0000"
    },
    "done": true
  },
  "minecraft:recipes/building_blocks/sandstone_slab_from_sandstone_stonecutting": {
    "criteria": {
      "has_sandstone": "2024-05-11 16:39:05 +0000"
    },
    "done": true
  },
  "minecraft:recipes/building_blocks/yellow_concrete_powder": {
    "criteria": {
      "has_sand": "2024-05-11 16:39:05 +0000"
    },
    "done": true
  },
  "minecraft:recipes/building_blocks/sandstone": {
    "criteria": {
      "has_sand": "2024-05-11 16:39:05 +0000"
    },
    "done": true
  },
  "minecraft:recipes/building_blocks/white_concrete_powder": {
    "criteria": {
      "has_sand": "2024-05-11 16:39:05 +0000"
    },
    "done": true
  },
  "minecraft:recipes/building_blocks/gray_concrete_powder": {
    "criteria": {
      "has_sand": "2024-05-11 16:39:05 +0000"
    },
    "done": true
  },
  "minecraft:recipes/building_blocks/black_concrete_powder": {
    "criteria": {
      "has_sand": "2024-05-11 16:39:05 +0000"
    },
    "done": true
  },
  "minecraft:recipes/building_blocks/sandstone_stairs_from_sandstone_stonecutting": {
    "criteria": {
      "has_sandstone": "2024-05-11 16:39:05 +0000"
    },
    "done": true
  },
  "minecraft:recipes/decorations/sandstone_wall": {
    "criteria": {
      "has_sandstone": "2024-05-11 16:39:05 +0000"
    },
    "done": true
  },
  "minecraft:recipes/building_blocks/purple_concrete_powder": {
    "criteria": {
      "has_sand": "2024-05-11 16:39:05 +0000"
    },
    "done": true
  },
  "minecraft:recipes/building_blocks/cyan_concrete_powder": {
    "criteria": {
      "has_sand": "2024-05-11 16:39:05 +0000"
    },
    "done": true
  },
  "adorn:recipes/sandstone_post": {
    "criteria": {
      "has_sandstone": "2024-05-12 15:57:58 +0000"
    },
    "done": true
  },
  "additionallanterns:recipes/misc/normal_sandstone_chain": {
    "criteria": {
      "recipe_condition": "2024-05-12 15:57:58 +0000"
    },
    "done": true
  },
  "mcwfences:recipes/jungle": {
    "criteria": {
      "has_jungle": "2024-05-12 15:57:58 +0000"
    },
    "done": true
  },
  "stoneworks:recipes/building_blocks/sandstone_shingles_from_sandstone_stonecutting": {
    "criteria": {
      "has_sandstone": "2024-05-12 15:57:58 +0000"
    },
    "done": true
  },
  "mcwfences:recipes/warped": {
    "criteria": {
      "has_warped": "2024-05-12 15:57:58 +0000"
    },
    "done": true
  },
  "handcrafted:recipes/misc/sandstone_corner_trim": {
    "criteria": {
      "has_sandstone_corner_trim": "2024-05-12 15:57:58 +0000"
    },
    "done": true
  },
  "stoneworks:recipes/building_blocks/sandstone_tiles_from_sandstone_stonecutting": {
    "criteria": {
      "has_sandstone": "2024-05-12 15:57:58 +0000"
    },
    "done": true
  },
  "stoneworks:recipes/building_blocks/cobbled_sandstone_slab_from_sandstone_stonecutting": {
    "criteria": {
      "has_sandstone": "2024-05-12 15:57:58 +0000"
    },
    "done": true
  },
  "ae2wtlib:recipes/wireless_universal_terminal/upgrade_crafting": {
    "criteria": {
      "has_wct": "2024-05-12 15:57:58 +0000"
    },
    "done": true
  },
  "corail_woodcutter:recipes/from_mangrove_planks": {
    "criteria": {
      "has_ingredient": "2024-05-12 15:57:58 +0000"
    },
    "done": true
  },
  "mcwbridges:recipes/sandstone_bridge": {
    "criteria": {
      "has_planks": "2024-05-12 15:57:58 +0000"
    },
    "done": true
  },
  "mcwfences:recipes/birch": {
    "criteria": {
      "has_birch": "2024-05-12 15:57:58 +0000"
    },
    "done": true
  },
  "mcwfences:recipes/stone": {
    "criteria": {
      "has_stone": "2024-05-12 15:57:58 +0000"
    },
    "done": true
  },
  "aquaculture:recipes/tools/iron_fishing_rod": {
    "criteria": {
      "has_vanilla_rod": "2024-05-12 15:57:58 +0000"
    },
    "done": true
  },
  "aquaculture:recipes/decorations/oak_fish_mount": {
    "criteria": {
      "has_items": "2024-05-12 15:57:58 +0000"
    },
    "done": true
  },
  "aquaculture:recipes/aquaculture/double_hook": {
    "criteria": {
      "has_items": "2024-05-12 15:57:58 +0000"
    },
    "done": true
  },
  "ae2wtlib:recipes/wireless_pattern_encoding_terminal": {
    "criteria": {
      "has_wt": "2024-05-12 15:57:58 +0000"
    },
    "done": true
  },
  "corail_woodcutter:recipes/from_oak_planks": {
    "criteria": {
      "has_ingredient": "2024-05-12 15:57:58 +0000"
    },
    "done": true
  },
  "mcwfences:recipes/hedge": {
    "criteria": {
      "has_birch": "2024-05-12 15:57:58 +0000"
    },
    "done": true
  },
  "stoneworks:recipes/building_blocks/sandstone_plate_stairs_from_sandstone_stonecutting": {
    "criteria": {
      "has_sandstone": "2024-05-12 15:57:58 +0000"
    },
    "done": true
  },
  "aquaculture:recipes/aquaculture/iron_hook": {
    "criteria": {
      "has_items": "2024-05-12 15:57:58 +0000"
    },
    "done": true
  },
  "aquaculture:recipes/misc/jellyfish_to_slimeball": {
    "criteria": {
      "has_items": "2024-05-12 15:57:58 +0000"
    },
    "done": true
  },
  "ironfurnaces:coal": {
    "criteria": {
      "rainbowcoal": "2024-05-12 15:57:58 +0000"
    },
    "done": true
  },
  "stoneworks:recipes/building_blocks/sandstone_plate_slab_from_sandstone_stonecutting": {
    "criteria": {
      "has_sandstone": "2024-05-12 15:57:58 +0000"
    },
    "done": true
  },
  "corail_woodcutter:recipes/from_birch_planks": {
    "criteria": {
      "has_ingredient": "2024-05-12 15:57:58 +0000"
    },
    "done": true
  },
  "stoneworks:recipes/building_blocks/sandstone_tile_wall_from_sandstone_stonecutting": {
    "criteria": {
      "has_sandstone": "2024-05-12 15:57:58 +0000"
    },
    "done": true
  },
  "mcwpaths:recipes/sandstone": {
    "criteria": {
      "has_wood": "2024-05-12 15:57:58 +0000"
    },
    "done": true
  },
  "corail_woodcutter:recipes/from_bamboo_planks": {
    "criteria": {
      "has_ingredient": "2024-05-12 15:57:58 +0000"
    },
    "done": true
  },
  "stoneworks:recipes/building_blocks/mossy_sandstone_brick_slab_from_sandstone_stonecutting": {
    "criteria": {
      "has_sandstone": "2024-05-12 15:57:58 +0000"
    },
    "done": true
  },
  "stoneworks:recipes/building_blocks/mossy_sandstone_bricks_from_sandstone_stonecutting": {
    "criteria": {
      "has_sandstone": "2024-05-12 15:57:58 +0000"
    },
    "done": true
  },
  "stoneworks:recipes/building_blocks/sandstone_paver_slab_from_sandstone_stonecutting": {
    "criteria": {
      "has_sandstone": "2024-05-12 15:57:58 +0000"
    },
    "done": true
  },
  "aquaculture:recipes/decorations/birch_fish_mount": {
    "criteria": {
      "has_items": "2024-05-12 15:57:58 +0000"
    },
    "done": true
  },
  "mcwfences:recipes/prismarine": {
    "criteria": {
      "has_qq": "2024-05-12 15:57:58 +0000"
    },
    "done": true
  },
  "mcwfences:recipes/mangrove": {
    "criteria": {
      "has_mangrove": "2024-05-12 15:57:58 +0000"
    },
    "done": true
  },
  "supplementaries:recipes/bomb": {
    "criteria": {
      "has_tnt": "2024-05-12 15:57:58 +0000"
    },
    "done": true
  },
  "corail_woodcutter:recipes/biomesoplenty/from_redwood_planks": {
    "criteria": {
      "has_ingredient": "2024-05-12 15:57:58 +0000"
    },
    "done": true
  },
  "stoneworks:recipes/building_blocks/sandstone_bricks_from_sandstone_stonecutting": {
    "criteria": {
      "has_sandstone": "2024-05-12 15:57:58 +0000"
    },
    "done": true
  },
  "aquaculture:recipes/misc/brown_mushroom_from_fish": {
    "criteria": {
      "has_items": "2024-05-12 15:57:58 +0000"
    },
    "done": true
  },
  "ae2wtlib:recipes/wireless_universal_terminal/upgrade_pattern_encoding": {
    "criteria": {
      "has_wpt": "2024-05-12 15:57:58 +0000"
    },
    "done": true
  },
  "aquaculture:recipes/misc/neptinium_ingot_from_blasting": {
    "criteria": {
      "has_leggings": "2024-05-12 15:57:58 +0000",
      "has_axe": "2024-05-12 15:57:58 +0000",
      "has_helmet": "2024-05-12 15:57:58 +0000",
      "has_fishing_rod": "2024-05-12 15:57:58 +0000",
      "has_bow": "2024-05-12 15:57:58 +0000",
      "has_chestplate": "2024-05-12 15:57:58 +0000",
      "has_sword": "2024-05-12 15:57:58 +0000",
      "has_fillet_knife": "2024-05-12 15:57:58 +0000",
      "has_shovel": "2024-05-12 15:57:58 +0000",
      "has_hoe": "2024-05-12 15:57:58 +0000",
      "has_boots": "2024-05-12 15:57:58 +0000",
      "has_pickaxe": "2024-05-12 15:57:58 +0000"
    },
    "done": true
  },
  "corail_woodcutter:recipes/from_bamboo_mosaic": {
    "criteria": {
      "has_ingredient": "2024-05-12 15:57:58 +0000"
    },
    "done": true
  },
  "aquaculture:recipes/decorations/dark_oak_fish_mount": {
    "criteria": {
      "has_items": "2024-05-12 15:57:58 +0000"
    },
    "done": true
  },
  "stoneworks:recipes/building_blocks/sandstone_shingle_wall_from_sandstone_stonecutting": {
    "criteria": {
      "has_sandstone": "2024-05-12 15:57:58 +0000"
    },
    "done": true
  },
  "aquaculture:recipes/food/sushi": {
    "criteria": {
      "has_alt_items": "2024-05-12 15:57:58 +0000",
      "has_items": "2024-05-12 15:57:58 +0000"
    },
    "done": true
  },
  "aquaculture:recipes/building_blocks/planks_from_driftwood": {
    "criteria": {
      "has_items": "2024-05-12 15:57:58 +0000"
    },
    "done": true
  },
  "stoneworks:recipes/building_blocks/sandstone_tile_slab_from_sandstone_stonecutting": {
    "criteria": {
      "has_sandstone": "2024-05-12 15:57:58 +0000"
    },
    "done": true
  },
  "stoneworks:recipes/building_blocks/mossy_cobbled_sandstone_wall_from_sandstone_stonecutting": {
    "criteria": {
      "has_sandstone": "2024-05-12 15:57:58 +0000"
    },
    "done": true
  },
  "stoneworks:recipes/building_blocks/cracked_sandstone_tiles_from_sandstone_stonecutting": {
    "criteria": {
      "has_sandstone": "2024-05-12 15:57:58 +0000"
    },
    "done": true
  },
  "aquaculture:recipes/aquaculture/worm_farm": {
    "criteria": {
      "has_items": "2024-05-12 15:57:58 +0000"
    },
    "done": true
  },
  "corail_woodcutter:recipes/biomesoplenty/from_hellbark_planks": {
    "criteria": {
      "has_ingredient": "2024-05-12 15:57:58 +0000"
    },
    "done": true
  },
  "aquaculture:recipes/aquaculture/note_hook": {
    "criteria": {
      "has_items": "2024-05-12 15:57:58 +0000"
    },
    "done": true
  },
  "corail_woodcutter:recipes/from_cherry_planks": {
    "criteria": {
      "has_ingredient": "2024-05-12 15:57:58 +0000"
    },
    "done": true
  },
  "aquaculture:recipes/aquaculture/gold_hook": {
    "criteria": {
      "has_items": "2024-05-12 15:57:58 +0000"
    },
    "done": true
  },
  "mcwbridges:recipes/balustrade_sandstone_bridge": {
    "criteria": {
      "has_planks": "2024-05-12 15:57:58 +0000"
    },
    "done": true
  },
  "stoneworks:recipes/building_blocks/mossy_sandstone_brick_wall_from_sandstone_stonecutting": {
    "criteria": {
      "has_sandstone": "2024-05-12 15:57:58 +0000"
    },
    "done": true
  },
  "stoneworks:recipes/building_blocks/sandstone_paver_wall_from_sandstone_stonecutting": {
    "criteria": {
      "has_sandstone": "2024-05-12 15:57:58 +0000"
    },
    "done": true
  },
  "aquaculture:recipes/decorations/spruce_fish_mount": {
    "criteria": {
      "has_items": "2024-05-12 15:57:58 +0000"
    },
    "done": true
  },
  "aquaculture:recipes/misc/tin_can_to_iron_nugget_from_blasting": {
    "criteria": {
      "has_items": "2024-05-12 15:57:58 +0000"
    },
    "done": true
  },
  "corail_woodcutter:recipes/biomesoplenty/from_willow_planks": {
    "criteria": {
      "has_ingredient": "2024-05-12 15:57:58 +0000"
    },
    "done": true
  },
  "stoneworks:recipes/building_blocks/sandstone_plates_from_sandstone_stonecutting": {
    "criteria": {
      "has_sandstone": "2024-05-12 15:57:58 +0000"
    },
    "done": true
  },
  "stoneworks:recipes/building_blocks/mossy_sandstone_brick_stairs_from_sandstone_stonecutting": {
    "criteria": {
      "has_sandstone": "2024-05-12 15:57:58 +0000"
    },
    "done": true
  },
  "mcwfences:recipes/deepslate": {
    "criteria": {
      "has_deepslate": "2024-05-12 15:57:58 +0000"
    },
    "done": true
  },
  "aquaculture:recipes/aquaculture/redstone_hook": {
    "criteria": {
      "has_items": "2024-05-12 15:57:58 +0000"
    },
    "done": true
  },
  "corail_woodcutter:recipes/biomesoplenty/from_umbran_planks": {
    "criteria": {
      "has_ingredient": "2024-05-12 15:57:58 +0000"
    },
    "done": true
  },
  "aquaculture:recipes/aquaculture/bobber": {
    "criteria": {
      "has_items": "2024-05-12 15:57:58 +0000"
    },
    "done": true
  },
  "corail_woodcutter:recipes/biomesoplenty/from_dead_planks": {
    "criteria": {
      "has_ingredient": "2024-05-12 15:57:58 +0000"
    },
    "done": true
  },
  "aquaculture:recipes/food/cooked_fish_fillet_from_smoking": {
    "criteria": {
      "has_items": "2024-05-12 15:57:58 +0000"
    },
    "done": true
  },
  "farmersdelight:main/root": {
    "criteria": {
      "seeds": "2024-05-12 15:57:58 +0000"
    },
    "done": true
  },
  "aquaculture:recipes/food/cooked_fish_fillet": {
    "criteria": {
      "has_items": "2024-05-12 15:57:58 +0000"
    },
    "done": true
  },
  "corail_woodcutter:recipes/from_crimson_planks": {
    "criteria": {
      "has_ingredient": "2024-05-12 15:57:58 +0000"
    },
    "done": true
  },
  "stoneworks:recipes/building_blocks/sandstone_shingle_slab_from_sandstone_stonecutting": {
    "criteria": {
      "has_sandstone": "2024-05-12 15:57:58 +0000"
    },
    "done": true
  },
  "stoneworks:recipes/building_blocks/mossy_cobbled_sandstone_slab_from_sandstone_stonecutting": {
    "criteria": {
      "has_sandstone": "2024-05-12 15:57:58 +0000"
    },
    "done": true
  },
  "aquaculture:recipes/aquaculture/heavy_hook": {
    "criteria": {
      "has_items": "2024-05-12 15:57:58 +0000"
    },
    "done": true
  },
  "mcwfences:recipes/dark_oak": {
    "criteria": {
      "has_dark_oak": "2024-05-12 15:57:58 +0000"
    },
    "done": true
  },
  "aquaculture:recipes/misc/neptunium_ingot_from_neptunium_block": {
    "criteria": {
      "has_items": "2024-05-12 15:57:58 +0000"
    },
    "done": true
  },
  "mcwfences:recipes/crimson": {
    "criteria": {
      "has_crimson": "2024-05-12 15:57:58 +0000"
    },
    "done": true
  },
  "create:root": {
    "criteria": {
      "0": "2024-05-12 15:57:58 +0000"
    },
    "done": true
  },
  "ae2wtlib:recipes/wireless_universal_terminal/upgrade_pattern_access": {
    "criteria": {
      "has_wit": "2024-05-12 15:57:58 +0000"
    },
    "done": true
  },
  "stoneworks:recipes/building_blocks/sandstone_shingle_stairs_from_sandstone_stonecutting": {
    "criteria": {
      "has_sandstone": "2024-05-12 15:57:58 +0000"
    },
    "done": true
  },
  "corail_woodcutter:recipes/from_acacia_planks": {
    "criteria": {
      "has_ingredient": "2024-05-12 15:57:58 +0000"
    },
    "done": true
  },
  "corail_woodcutter:recipes/from_dark_oak_planks": {
    "criteria": {
      "has_ingredient": "2024-05-12 15:57:58 +0000"
    },
    "done": true
  },
  "corail_woodcutter:recipes/from_jungle_planks": {
    "criteria": {
      "has_ingredient": "2024-05-12 15:57:58 +0000"
    },
    "done": true
  },
  "stoneworks:recipes/building_blocks/cracked_sandstone_bricks_from_sandstone_stonecutting": {
    "criteria": {
      "has_sandstone": "2024-05-12 15:57:58 +0000"
    },
    "done": true
  },
  "ae2wtlib:recipes/wireless_pattern_access_terminal": {
    "criteria": {
      "has_wt": "2024-05-12 15:57:58 +0000"
    },
    "done": true
  },
  "corail_woodcutter:recipes/biomesoplenty/from_mahogany_planks": {
    "criteria": {
      "has_ingredient": "2024-05-12 15:57:58 +0000"
    },
    "done": true
  },
  "aquaculture:recipes/decorations/acacia_fish_mount": {
    "criteria": {
      "has_items": "2024-05-12 15:57:58 +0000"
    },
    "done": true
  },
  "aquaculture:recipes/aquaculture/light_hook": {
    "criteria": {
      "has_items": "2024-05-12 15:57:58 +0000"
    },
    "done": true
  },
  "corail_woodcutter:recipes/biomesoplenty/from_magic_planks": {
    "criteria": {
      "has_ingredient": "2024-05-12 15:57:58 +0000"
    },
    "done": true
  },
  "stoneworks:recipes/building_blocks/mossy_cobbled_sandstone_from_sandstone_stonecutting": {
    "criteria": {
      "has_sandstone": "2024-05-12 15:57:58 +0000"
    },
    "done": true
  },
  "stoneworks:recipes/building_blocks/sandstone_paver_stairs_from_sandstone_stonecutting": {
    "criteria": {
      "has_sandstone": "2024-05-12 15:57:58 +0000"
    },
    "done": true
  },
  "travelersbackpack:recipes/misc/sandstone": {
    "criteria": {
      "has_sandstone": "2024-05-12 15:57:58 +0000"
    },
    "done": true
  },
  "mcwfences:recipes/sandstone": {
    "criteria": {
      "has_sand": "2024-05-12 15:57:58 +0000"
    },
    "done": true
  },
  "mcwfences:recipes/acacia": {
    "criteria": {
      "has_acacia": "2024-05-12 15:57:58 +0000"
    },
    "done": true
  },
  "mcwfences:recipes/oak": {
    "criteria": {
      "has_oak": "2024-05-12 15:57:58 +0000"
    },
    "done": true
  },
  "aquaculture:recipes/aquaculture/fishing_line": {
    "criteria": {
      "has_items": "2024-05-12 15:57:58 +0000"
    },
    "done": true
  },
  "corail_woodcutter:recipes/from_warped_planks": {
    "criteria": {
      "has_ingredient": "2024-05-12 15:57:58 +0000"
    },
    "done": true
  },
  "corail_woodcutter:recipes/biomesoplenty/from_jacaranda_planks": {
    "criteria": {
      "has_ingredient": "2024-05-12 15:57:58 +0000"
    },
    "done": true
  },
  "stoneworks:recipes/building_blocks/cobbled_sandstone_wall_from_sandstone_stonecutting": {
    "criteria": {
      "has_sandstone": "2024-05-12 15:57:58 +0000"
    },
    "done": true
  },
  "aquaculture:recipes/tools/diamond_fishing_rod": {
    "criteria": {
      "has_vanilla_rod": "2024-05-12 15:57:58 +0000"
    },
    "done": true
  },
  "aquaculture:recipes/misc/tin_can_to_iron_nugget": {
    "criteria": {
      "has_items": "2024-05-12 15:57:58 +0000"
    },
    "done": true
  },
  "stoneworks:recipes/building_blocks/sandstone_pillar_from_sandstone_stonecutting": {
    "criteria": {
      "has_sandstone": "2024-05-12 15:57:58 +0000"
    },
    "done": true
  },
  "ae2wtlib:recipes/magnet_card": {
    "criteria": {
      "has_wct": "2024-05-12 15:57:58 +0000"
    },
    "done": true
  },
  "mcwfences:recipes/quartz": {
    "criteria": {
      "has_qq": "2024-05-12 15:57:58 +0000"
    },
    "done": true
  },
  "aquaculture:recipes/misc/iron_nugget_from_smelting": {
    "criteria": {
      "has_fishing_rod": "2024-05-12 15:57:58 +0000",
      "has_fillet_knife": "2024-05-12 15:57:58 +0000"
    },
    "done": true
  },
  "aquaculture:recipes/tools/golden_fishing_rod": {
    "criteria": {
      "has_vanilla_rod": "2024-05-12 15:57:58 +0000"
    },
    "done": true
  },
  "corail_woodcutter:recipes/biomesoplenty/from_palm_planks": {
    "criteria": {
      "has_ingredient": "2024-05-12 15:57:58 +0000"
    },
    "done": true
  },
  "aquaculture:recipes/misc/gold_nugget_from_smelting": {
    "criteria": {
      "has_fishing_rod": "2024-05-12 15:57:58 +0000",
      "has_fillet_knife": "2024-05-12 15:57:58 +0000"
    },
    "done": true
  },
  "stoneworks:recipes/building_blocks/sandstone_tile_stairs_from_sandstone_stonecutting": {
    "criteria": {
      "has_sandstone": "2024-05-12 15:57:58 +0000"
    },
    "done": true
  },
  "aquaculture:recipes/misc/bonemeal_from_fish_bones": {
    "criteria": {
      "has_items": "2024-05-12 15:57:58 +0000"
    },
    "done": true
  },
  "mcwfences:recipes/nether": {
    "criteria": {
      "has_nether_brick": "2024-05-12 15:57:58 +0000"
    },
    "done": true
  },
  "mcwfences:recipes/bamboo": {
    "criteria": {
      "has_bamboo": "2024-05-12 15:57:58 +0000"
    },
    "done": true
  },
  "mcwbridges:recipes/sandstone_bridge_pier": {
    "criteria": {
      "has_planks": "2024-05-12 15:57:58 +0000"
    },
    "done": true
  },
  "mcwroofs:recipes/sandstone": {
    "criteria": {
      "has_planks": "2024-05-12 15:57:58 +0000"
    },
    "done": true
  },
  "ae2wtlib:recipes/wireless_universal_terminal/ce": {
    "criteria": {
      "has_wpt": "2024-05-12 15:57:58 +0000",
      "has_wct": "2024-05-12 15:57:58 +0000"
    },
    "done": true
  },
  "ae2wtlib:recipes/wireless_universal_terminal/ca": {
    "criteria": {
      "has_wit": "2024-05-12 15:57:58 +0000",
      "has_wct": "2024-05-12 15:57:58 +0000"
    },
    "done": true
  },
  "mcwfences:recipes/spruce": {
    "criteria": {
      "has_spruce": "2024-05-12 15:57:58 +0000"
    },
    "done": true
  },
  "ae2wtlib:recipes/wireless_universal_terminal/ae": {
    "criteria": {
      "has_wit": "2024-05-12 15:57:58 +0000",
      "has_wpt": "2024-05-12 15:57:58 +0000"
    },
    "done": true
  },
  "stoneworks:recipes/building_blocks/sandstone_brick_wall_from_sandstone_stonecutting": {
    "criteria": {
      "has_sandstone": "2024-05-12 15:57:58 +0000"
    },
    "done": true
  },
  "stoneworks:recipes/building_blocks/cobbled_sandstone_from_sandstone_stonecutting": {
    "criteria": {
      "has_sandstone": "2024-05-12 15:57:58 +0000"
    },
    "done": true
  },
  "aquaculture:recipes/aquaculture/diamond_hook": {
    "criteria": {
      "has_items": "2024-05-12 15:57:58 +0000"
    },
    "done": true
  },
  "aquaculture:recipes/misc/red_mushroom_from_fish": {
    "criteria": {
      "has_items": "2024-05-12 15:57:58 +0000"
    },
    "done": true
  },
  "ae2wtlib:recipes/quantum_bridge_card": {
    "criteria": {
      "has_wit": "2024-05-12 15:57:58 +0000",
      "has_wpt": "2024-05-12 15:57:58 +0000",
      "has_wct": "2024-05-12 15:57:58 +0000"
    },
    "done": true
  },
  "mcwfences:recipes/end": {
    "criteria": {
      "has_end_brick": "2024-05-12 15:57:58 +0000"
    },
    "done": true
  },
  "stoneworks:recipes/building_blocks/cobbled_sandstone_stairs_from_sandstone_stonecutting": {
    "criteria": {
      "has_sandstone": "2024-05-12 15:57:58 +0000"
    },
    "done": true
  },
  "aquaculture:recipes/food/cooked_fish_fillet_from_campfire": {
    "criteria": {
      "has_items": "2024-05-12 15:57:58 +0000"
    },
    "done": true
  },
  "handcrafted:recipes/misc/sandstone_pillar_trim": {
    "criteria": {
      "has_sandstone_pillar_trim": "2024-05-12 15:57:58 +0000"
    },
    "done": true
  },
  "mcwfences:recipes/mud_brick": {
    "criteria": {
      "has_qq": "2024-05-12 15:57:58 +0000"
    },
    "done": true
  },
  "mcwfences:recipes/blackstone": {
    "criteria": {
      "has_blackstone": "2024-05-12 15:57:58 +0000"
    },
    "done": true
  },
  "stoneworks:recipes/building_blocks/sandstone_brick_slab_from_sandstone_stonecutting": {
    "criteria": {
      "has_sandstone": "2024-05-12 15:57:58 +0000"
    },
    "done": true
  },
  "stoneworks:recipes/building_blocks/mossy_cobbled_sandstone_stairs_from_sandstone_stonecutting": {
    "criteria": {
      "has_sandstone": "2024-05-12 15:57:58 +0000"
    },
    "done": true
  },
  "aquaculture:recipes/misc/gold_nugget_from_blasting": {
    "criteria": {
      "has_fishing_rod": "2024-05-12 15:57:58 +0000",
      "has_fillet_knife": "2024-05-12 15:57:58 +0000"
    },
    "done": true
  },
  "stoneworks:recipes/building_blocks/sandstone_pavers_from_sandstone_stonecutting": {
    "criteria": {
      "has_sandstone": "2024-05-12 15:57:58 +0000"
    },
    "done": true
  },
  "aquaculture:recipes/misc/gold_nugget_from_gold_fish": {
    "criteria": {
      "has_items": "2024-05-12 15:57:58 +0000"
    },
    "done": true
  },
  "aquaculture:recipes/misc/neptunium_ingot_from_nuggets": {
    "criteria": {
      "has_items": "2024-05-12 15:57:58 +0000"
    },
    "done": true
  },
  "corail_woodcutter:recipes/biomesoplenty/from_fir_planks": {
    "criteria": {
      "has_ingredient": "2024-05-12 15:57:58 +0000"
    },
    "done": true
  },
  "aquaculture:recipes/misc/iron_nugget_from_blasting": {
    "criteria": {
      "has_fishing_rod": "2024-05-12 15:57:58 +0000",
      "has_fillet_knife": "2024-05-12 15:57:58 +0000"
    },
    "done": true
  },
  "corail_woodcutter:recipes/from_spruce_planks": {
    "criteria": {
      "has_ingredient": "2024-05-12 15:57:58 +0000"
    },
    "done": true
  },
  "aquaculture:recipes/decorations/jungle_fish_mount": {
    "criteria": {
      "has_items": "2024-05-12 15:57:58 +0000"
    },
    "done": true
  },
  "ancient_elements:ancient_elements": {
    "criteria": {
      "ancient_elements": "2024-05-12 15:57:59 +0000"
    },
    "done": true
  },
  "undergarden:undergarden/root": {
    "criteria": {
      "tick": "2024-05-12 15:57:59 +0000"
    },
    "done": true
  },
  "mekanism:root": {
    "criteria": {
      "automatic": "2024-05-12 15:57:59 +0000"
    },
    "done": true
  },
  "irons_spellbooks:grant_patchouli": {
    "criteria": {
      "tick": "2024-05-12 15:57:59 +0000"
    },
    "done": true
  },
  "stoneworks:recipes/building_blocks/sandstone_brick_stairs_from_sandstone_stonecutting": {
    "criteria": {
      "has_sandstone": "2024-05-12 15:57:59 +0000"
    },
    "done": true
  },
  "betterdungeons:root": {
    "criteria": {
      "always": "2024-05-12 15:57:59 +0000"
    },
    "done": true
  },
  "betterdeserttemples:root": {
    "criteria": {
      "always": "2024-05-12 15:57:59 +0000"
    },
    "done": true
  },
  "tombstone:adventure/root": {
    "criteria": {
      "auto": "2024-05-12 15:57:59 +0000"
    },
    "done": true
  },
  "takesapillage:root": {
    "criteria": {
      "always": "2024-05-12 15:57:59 +0000"
    },
    "done": true
  },
  "stoneworks:recipes/building_blocks/sandstone_plate_wall_from_sandstone_stonecutting": {
    "criteria": {
      "has_sandstone": "2024-05-12 15:57:59 +0000"
    },
    "done": true
  },
  "repurposed_structures:root": {
    "criteria": {
      "always": "2024-05-12 15:57:59 +0000"
    },
    "done": true
  },
  "dungeons_arise:wda_root": {
    "criteria": {
      "WDA": "2024-05-12 15:57:59 +0000"
    },
    "done": true
  },
  "cataclysm:root": {
    "criteria": {
      "custom_test_name": "2024-05-12 15:57:59 +0000"
    },
    "done": true
  },
  "mca:root": {
    "criteria": {
      "village_taiga": "2024-05-12 16:09:09 +0000"
    },
    "done": true
  },
  "adorn:recipes/stone_brick_post": {
    "criteria": {
      "has_stone_bricks": "2024-05-12 16:10:41 +0000"
    },
    "done": true
  },
  "supplementaries:recipes/pedestal": {
    "criteria": {
      "has_stone_bricks": "2024-05-12 16:10:41 +0000"
    },
    "done": true
  },
  "adorn:recipes/stone_brick_chimney": {
    "criteria": {
      "has_key_item_0": "2024-05-12 16:10:41 +0000"
    },
    "done": true
  },
  "minecraft:recipes/decorations/stone_brick_wall": {
    "criteria": {
      "has_stone_bricks": "2024-05-12 16:10:41 +0000"
    },
    "done": true
  },
  "minecraft:recipes/building_blocks/chiseled_stone_bricks": {
    "criteria": {
      "has_tag": "2024-05-12 16:10:41 +0000"
    },
    "done": true
  },
  "additionallanterns:recipes/misc/stone_bricks_chain": {
    "criteria": {
      "recipe_condition": "2024-05-12 16:10:41 +0000"
    },
    "done": true
  },
  "minecraft:recipes/building_blocks/chiseled_stone_bricks_from_stone_bricks_stonecutting": {
    "criteria": {
      "has_stone_bricks": "2024-05-12 16:10:41 +0000"
    },
    "done": true
  },
  "mcwbridges:recipes/balustrade_stone_bricks_bridge": {
    "criteria": {
      "has_planks": "2024-05-12 16:10:41 +0000"
    },
    "done": true
  },
  "minecraft:recipes/building_blocks/stone_brick_slab_from_stone_bricks_stonecutting": {
    "criteria": {
      "has_stone_bricks": "2024-05-12 16:10:41 +0000"
    },
    "done": true
  },
  "minecraft:recipes/building_blocks/stone_brick_stairs": {
    "criteria": {
      "has_stone_bricks": "2024-05-12 16:10:41 +0000"
    },
    "done": true
  },
  "minecraft:recipes/building_blocks/stone_brick_slab": {
    "criteria": {
      "has_stone_bricks": "2024-05-12 16:10:41 +0000"
    },
    "done": true
  },
  "supplementaries:recipes/stone_tile": {
    "criteria": {
      "has_stone_bricks": "2024-05-12 16:10:41 +0000"
    },
    "done": true
  },
  "minecraft:recipes/building_blocks/cracked_stone_bricks": {
    "criteria": {
      "has_stone_bricks": "2024-05-12 16:10:41 +0000"
    },
    "done": true
  },
  "minecraft:recipes/building_blocks/stone_brick_stairs_from_stone_bricks_stonecutting": {
    "criteria": {
      "has_stone_bricks": "2024-05-12 16:10:41 +0000"
    },
    "done": true
  },
  "minecraft:recipes/decorations/stone_brick_wall_from_stone_bricks_stonecutting": {
    "criteria": {
      "has_stone_bricks": "2024-05-12 16:10:41 +0000"
    },
    "done": true
  },
  "mcwbridges:recipes/stone_bridge_pier": {
    "criteria": {
      "has_planks": "2024-05-12 16:10:41 +0000"
    },
    "done": true
  },
  "supplementaries:recipes/stonecutting/stone_tile": {
    "criteria": {
      "has_stone_bricks": "2024-05-12 16:10:41 +0000"
    },
    "done": true
  },
  "mcwbridges:recipes/stone_brick_bridge": {
    "criteria": {
      "has_planks": "2024-05-12 16:10:41 +0000"
    },
    "done": true
  },
  "additionallanterns:recipes/misc/bricks_lantern_white": {
    "criteria": {
      "recipe_condition": "2024-05-12 16:30:21 +0000"
    },
    "done": true
  },
  "smallships:recipes/transportation/bamboo_galley": {
    "criteria": {
      "in_water": "2024-05-12 16:34:16 +0000"
    },
    "done": true
  },
  "smallships:recipes/transportation/acacia_cog": {
    "criteria": {
      "in_water": "2024-05-12 16:34:16 +0000"
    },
    "done": true
  },
  "securitycraft:recipes/building_blocks/reinforced_glass_pane": {
    "criteria": {
      "has_glass": "2024-05-12 16:35:59 +0000"
    },
    "done": true
  },
  "biomesoplenty:recipes/transportation/willow_boat": {
    "criteria": {
      "in_water": "2024-05-12 16:34:16 +0000"
    },
    "done": true
  },
  "additionallanterns:recipes/misc/bone_lantern_blue": {
    "criteria": {
      "recipe_condition": "2024-05-12 16:30:21 +0000"
    },
    "done": true
  },
  "additionallanterns:recipes/misc/basalt_lantern_cyan": {
    "criteria": {
      "recipe_condition": "2024-05-12 16:30:19 +0000"
    },
    "done": true
  },
  "additionallanterns:recipes/misc/bricks_lantern_green": {
    "criteria": {
      "recipe_condition": "2024-05-12 16:30:21 +0000"
    },
    "done": true
  },
  "additionallanterns:recipes/misc/bone_lantern_lime": {
    "criteria": {
      "recipe_condition": "2024-05-12 16:30:21 +0000"
    },
    "done": true
  },
  "undergarden:recipes/transportation/grongle_boat": {
    "criteria": {
      "in_water": "2024-05-12 16:34:16 +0000"
    },
    "done": true
  },
  "minecraft:recipes/decorations/chest": {
    "criteria": {
      "has_lots_of_items": "2024-05-12 16:29:23 +0000"
    },
    "done": true
  },
  "securitycraft:recipes/building_blocks/reinforced_light_blue_stained_glass_pane_from_dye": {
    "criteria": {
      "has_glass": "2024-05-12 16:35:59 +0000"
    },
    "done": true
  },
  "biomesoplenty:recipes/transportation/dead_boat": {
    "criteria": {
      "in_water": "2024-05-12 16:34:16 +0000"
    },
    "done": true
  },
  "biomesoplenty:recipes/transportation/magic_boat": {
    "criteria": {
      "in_water": "2024-05-12 16:34:16 +0000"
    },
    "done": true
  },
  "smallships:recipes/transportation/jungle_brigg": {
    "criteria": {
      "in_water": "2024-05-12 16:34:16 +0000"
    },
    "done": true
  },
  "additionallanterns:recipes/misc/amethyst_lantern_purple": {
    "criteria": {
      "recipe_condition": "2024-05-12 16:30:19 +0000"
    },
    "done": true
  },
  "smallships:recipes/transportation/birch_cog": {
    "criteria": {
      "in_water": "2024-05-12 16:34:16 +0000"
    },
    "done": true
  },
  "securitycraft:recipes/building_blocks/reinforced_red_stained_glass_pane_from_dye": {
    "criteria": {
      "has_glass": "2024-05-12 16:35:59 +0000"
    },
    "done": true
  },
  "securitycraft:recipes/building_blocks/reinforced_magenta_stained_glass": {
    "criteria": {
      "has_glass": "2024-05-12 16:35:59 +0000"
    },
    "done": true
  },
  "connectedglass:recipes/misc/borderless_glass_red2": {
    "criteria": {
      "recipe_condition1": "2024-05-12 16:35:59 +0000"
    },
    "done": true
  },
  "securitycraft:recipes/building_blocks/reinforced_blue_stained_glass_pane_from_glass": {
    "criteria": {
      "has_glass": "2024-05-12 16:35:59 +0000"
    },
    "done": true
  },
  "additionallanterns:recipes/misc/amethyst_lantern_green": {
    "criteria": {
      "recipe_condition": "2024-05-12 16:30:19 +0000"
    },
    "done": true
  },
  "additionallanterns:recipes/misc/bricks_lantern_cyan": {
    "criteria": {
      "recipe_condition": "2024-05-12 16:30:21 +0000"
    },
    "done": true
  },
  "additionallanterns:recipes/misc/basalt_lantern_magenta": {
    "criteria": {
      "recipe_condition": "2024-05-12 16:30:19 +0000"
    },
    "done": true
  },
  "securitycraft:recipes/building_blocks/reinforced_purple_stained_glass": {
    "criteria": {
      "has_glass": "2024-05-12 16:35:59 +0000"
    },
    "done": true
  },
  "additionallanterns:recipes/misc/amethyst_lantern_white": {
    "criteria": {
      "recipe_condition": "2024-05-12 16:30:19 +0000"
    },
    "done": true
  },
  "smallships:recipes/transportation/bamboo_brigg": {
    "criteria": {
      "in_water": "2024-05-12 16:34:16 +0000"
    },
    "done": true
  },
  "additionallanterns:recipes/misc/basalt_lantern_brown": {
    "criteria": {
      "recipe_condition": "2024-05-12 16:30:19 +0000"
    },
    "done": true
  },
  "securitycraft:recipes/building_blocks/reinforced_brown_stained_glass_pane_from_dye": {
    "criteria": {
      "has_glass": "2024-05-12 16:35:59 +0000"
    },
    "done": true
  },
  "additionallanterns:recipes/misc/basalt_lantern_light_gray": {
    "criteria": {
      "recipe_condition": "2024-05-12 16:30:19 +0000"
    },
    "done": true
  },
  "create:recipes/building_blocks/vertical_framed_glass_from_glass_colorless_stonecutting": {
    "criteria": {
      "has_glass_colorless": "2024-05-12 16:35:59 +0000"
    },
    "done": true
  },
  "securitycraft:recipes/building_blocks/reinforced_red_stained_glass": {
    "criteria": {
      "has_glass": "2024-05-12 16:35:59 +0000"
    },
    "done": true
  },
  "securitycraft:recipes/building_blocks/reinforced_white_stained_glass_pane_from_dye": {
    "criteria": {
      "has_glass": "2024-05-12 16:35:59 +0000"
    },
    "done": true
  },
  "twilightforest:recipes/transportation/mangrove_boat": {
    "criteria": {
      "in_water": "2024-05-12 16:34:16 +0000"
    },
    "done": true
  },
  "additionallanterns:recipes/misc/bone_lantern_brown": {
    "criteria": {
      "recipe_condition": "2024-05-12 16:30:21 +0000"
    },
    "done": true
  },
  "biomesoplenty:recipes/transportation/redwood_boat": {
    "criteria": {
      "in_water": "2024-05-12 16:34:16 +0000"
    },
    "done": true
  },
  "smallships:recipes/transportation/mangrove_galley": {
    "criteria": {
      "in_water": "2024-05-12 16:34:16 +0000"
    },
    "done": true
  },
  "ironchest:recipes/decorations/upgrades/diamond_to_crystal_chest_upgrade": {
    "criteria": {
      "has_glass": "2024-05-12 16:35:59 +0000"
    },
    "done": true
  },
  "smallships:recipes/transportation/dark_oak_drakkar": {
    "criteria": {
      "in_water": "2024-05-12 16:34:16 +0000"
    },
    "done": true
  },
  "securitycraft:recipes/building_blocks/reinforced_pink_stained_glass_pane_from_dye": {
    "criteria": {
      "has_glass": "2024-05-12 16:35:59 +0000"
    },
    "done": true
  },
  "twilightforest:recipes/transportation/canopy_boat": {
    "criteria": {
      "in_water": "2024-05-12 16:34:16 +0000"
    },
    "done": true
  },
  "smallships:recipes/transportation/birch_brigg": {
    "criteria": {
      "in_water": "2024-05-12 16:34:16 +0000"
    },
    "done": true
  },
  "securitycraft:recipes/building_blocks/reinforced_orange_stained_glass_pane_from_glass": {
    "criteria": {
      "has_glass": "2024-05-12 16:35:59 +0000"
    },
    "done": true
  },
  "biomesoplenty:recipes/transportation/palm_boat": {
    "criteria": {
      "in_water": "2024-05-12 16:34:16 +0000"
    },
    "done": true
  },
  "securitycraft:recipes/building_blocks/reinforced_cyan_stained_glass_pane_from_glass": {
    "criteria": {
      "has_glass": "2024-05-12 16:35:59 +0000"
    },
    "done": true
  },
  "securitycraft:recipes/building_blocks/reinforced_light_gray_stained_glass_pane_from_dye": {
    "criteria": {
      "has_glass": "2024-05-12 16:35:59 +0000"
    },
    "done": true
  },
  "smallships:recipes/transportation/spruce_brigg": {
    "criteria": {
      "in_water": "2024-05-12 16:34:16 +0000"
    },
    "done": true
  },
  "additionallanterns:recipes/misc/bone_lantern_yellow": {
    "criteria": {
      "recipe_condition": "2024-05-12 16:30:21 +0000"
    },
    "done": true
  },
  "securitycraft:recipes/building_blocks/reinforced_gray_stained_glass_pane_from_dye": {
    "criteria": {
      "has_glass": "2024-05-12 16:35:59 +0000"
    },
    "done": true
  },
  "additionallanterns:recipes/misc/bone_lantern_light_blue": {
    "criteria": {
      "recipe_condition": "2024-05-12 16:30:21 +0000"
    },
    "done": true
  },
  "connectedglass:recipes/misc/borderless_glass_light_blue2": {
    "criteria": {
      "recipe_condition1": "2024-05-12 16:35:59 +0000"
    },
    "done": true
  },
  "additionallanterns:recipes/misc/bone_lantern_red": {
    "criteria": {
      "recipe_condition": "2024-05-12 16:30:21 +0000"
    },
    "done": true
  },
  "additionallanterns:recipes/misc/bone_lantern_purple": {
    "criteria": {
      "recipe_condition": "2024-05-12 16:30:21 +0000"
    },
    "done": true
  },
  "securitycraft:recipes/building_blocks/reinforced_light_blue_stained_glass_pane_from_glass": {
    "criteria": {
      "has_glass": "2024-05-12 16:35:59 +0000"
    },
    "done": true
  },
  "smallships:recipes/transportation/mangrove_brigg": {
    "criteria": {
      "in_water": "2024-05-12 16:34:16 +0000"
    },
    "done": true
  },
  "additionallanterns:recipes/misc/bricks_lantern_yellow": {
    "criteria": {
      "recipe_condition": "2024-05-12 16:30:21 +0000"
    },
    "done": true
  },
  "additionallanterns:recipes/misc/bone_lantern_black": {
    "criteria": {
      "recipe_condition": "2024-05-12 16:30:21 +0000"
    },
    "done": true
  },
  "securitycraft:recipes/building_blocks/reinforced_white_stained_glass": {
    "criteria": {
      "has_glass": "2024-05-12 16:35:59 +0000"
    },
    "done": true
  },
  "additionallanterns:recipes/misc/amethyst_lantern_orange": {
    "criteria": {
      "recipe_condition": "2024-05-12 16:30:19 +0000"
    },
    "done": true
  },
  "smallships:recipes/transportation/mangrove_drakkar": {
    "criteria": {
      "in_water": "2024-05-12 16:34:16 +0000"
    },
    "done": true
  },
  "smallships:recipes/misc/sail": {
    "criteria": {
      "in_water": "2024-05-12 16:34:16 +0000"
    },
    "done": true
  },
  "additionallanterns:recipes/misc/bricks_lantern_purple": {
    "criteria": {
      "recipe_condition": "2024-05-12 16:30:21 +0000"
    },
    "done": true
  },
  "connectedglass:recipes/misc/borderless_glass_blue2": {
    "criteria": {
      "recipe_condition1": "2024-05-12 16:35:59 +0000"
    },
    "done": true
  },
  "smallships:recipes/transportation/acacia_galley": {
    "criteria": {
      "in_water": "2024-05-12 16:34:16 +0000"
    },
    "done": true
  },
  "securitycraft:recipes/building_blocks/reinforced_green_stained_glass": {
    "criteria": {
      "has_glass": "2024-05-12 16:35:59 +0000"
    },
    "done": true
  },
  "securitycraft:recipes/building_blocks/reinforced_light_gray_stained_glass_pane_from_glass": {
    "criteria": {
      "has_glass": "2024-05-12 16:35:59 +0000"
    },
    "done": true
  },
  "securitycraft:recipes/building_blocks/reinforced_yellow_stained_glass": {
    "criteria": {
      "has_glass": "2024-05-12 16:35:59 +0000"
    },
    "done": true
  },
  "smallships:recipes/transportation/jungle_galley": {
    "criteria": {
      "in_water": "2024-05-12 16:34:16 +0000"
    },
    "done": true
  },
  "smallships:recipes/transportation/dark_oak_galley": {
    "criteria": {
      "in_water": "2024-05-12 16:34:16 +0000"
    },
    "done": true
  },
  "additionallanterns:recipes/misc/bricks_lantern_blue": {
    "criteria": {
      "recipe_condition": "2024-05-12 16:30:21 +0000"
    },
    "done": true
  },
  "additionallanterns:recipes/misc/basalt_lantern_pink": {
    "criteria": {
      "recipe_condition": "2024-05-12 16:30:19 +0000"
    },
    "done": true
  },
  "mekanism:factory": {
    "criteria": {
      "factory": "2024-05-12 16:28:57 +0000"
    },
    "done": true
  },
  "securitycraft:recipes/building_blocks/reinforced_black_stained_glass_pane_from_glass": {
    "criteria": {
      "has_glass": "2024-05-12 16:35:59 +0000"
    },
    "done": true
  },
  "connectedglass:recipes/misc/borderless_glass_gray2": {
    "criteria": {
      "recipe_condition1": "2024-05-12 16:35:59 +0000"
    },
    "done": true
  },
  "additionallanterns:recipes/misc/amethyst_lantern_cyan": {
    "criteria": {
      "recipe_condition": "2024-05-12 16:30:19 +0000"
    },
    "done": true
  },
  "securitycraft:recipes/building_blocks/reinforced_white_stained_glass_pane_from_glass": {
    "criteria": {
      "has_glass": "2024-05-12 16:35:59 +0000"
    },
    "done": true
  },
  "additionallanterns:recipes/misc/basalt_lantern_orange": {
    "criteria": {
      "recipe_condition": "2024-05-12 16:30:19 +0000"
    },
    "done": true
  },
  "smallships:recipes/transportation/oak_galley": {
    "criteria": {
      "in_water": "2024-05-12 16:34:16 +0000"
    },
    "done": true
  },
  "additionallanterns:recipes/misc/bricks_lantern_red": {
    "criteria": {
      "recipe_condition": "2024-05-12 16:30:21 +0000"
    },
    "done": true
  },
  "connectedglass:recipes/misc/borderless_glass_green2": {
    "criteria": {
      "recipe_condition1": "2024-05-12 16:35:59 +0000"
    },
    "done": true
  },
  "securitycraft:recipes/building_blocks/reinforced_orange_stained_glass_pane_from_dye": {
    "criteria": {
      "has_glass": "2024-05-12 16:35:59 +0000"
    },
    "done": true
  },
  "smallships:recipes/transportation/dark_oak_cog": {
    "criteria": {
      "in_water": "2024-05-12 16:34:16 +0000"
    },
    "done": true
  },
  "additionallanterns:recipes/misc/bone_lantern_light_gray": {
    "criteria": {
      "recipe_condition": "2024-05-12 16:30:21 +0000"
    },
    "done": true
  },
  "adchimneys:recipes/building_blocks/metal_pump": {
    "criteria": {
      "has_item": "2024-05-12 16:30:34 +0000"
    },
    "done": true
  },
  "adchimneys:recipes/building_blocks/metal_vent": {
    "criteria": {
      "has_item": "2024-05-12 16:30:37 +0000"
    },
    "done": true
  },
  "connectedglass:recipes/misc/borderless_glass_lime2": {
    "criteria": {
      "recipe_condition1": "2024-05-12 16:35:59 +0000"
    },
    "done": true
  },
  "additionallanterns:recipes/misc/basalt_lantern_gray": {
    "criteria": {
      "recipe_condition": "2024-05-12 16:30:19 +0000"
    },
    "done": true
  },
  "smallships:recipes/transportation/acacia_drakkar": {
    "criteria": {
      "in_water": "2024-05-12 16:34:16 +0000"
    },
    "done": true
  },
  "additionallanterns:recipes/misc/bricks_lantern_black": {
    "criteria": {
      "recipe_condition": "2024-05-12 16:30:21 +0000"
    },
    "done": true
  },
  "smallships:recipes/transportation/cherry_galley": {
    "criteria": {
      "in_water": "2024-05-12 16:34:16 +0000"
    },
    "done": true
  },
  "connectedglass:recipes/misc/borderless_glass_brown2": {
    "criteria": {
      "recipe_condition1": "2024-05-12 16:35:59 +0000"
    },
    "done": true
  },
  "securitycraft:recipes/building_blocks/reinforced_lime_stained_glass_pane_from_dye": {
    "criteria": {
      "has_glass": "2024-05-12 16:35:59 +0000"
    },
    "done": true
  },
  "additionallanterns:recipes/misc/basalt_lantern_black": {
    "criteria": {
      "recipe_condition": "2024-05-12 16:30:19 +0000"
    },
    "done": true
  },
  "additionallanterns:recipes/misc/basalt_lantern_red": {
    "criteria": {
      "recipe_condition": "2024-05-12 16:30:19 +0000"
    },
    "done": true
  },
  "supplementaries:recipes/soap/globe": {
    "criteria": {
      "has_globe_sepia": "2024-05-12 16:27:29 +0000"
    },
    "done": true
  },
  "securitycraft:recipes/building_blocks/reinforced_magenta_stained_glass_pane_from_glass": {
    "criteria": {
      "has_glass": "2024-05-12 16:35:59 +0000"
    },
    "done": true
  },
  "additionallanterns:recipes/misc/basalt_lantern_colorless": {
    "criteria": {
      "recipe_condition": "2024-05-12 16:30:19 +0000"
    },
    "done": true
  },
  "securitycraft:recipes/building_blocks/reinforced_light_gray_stained_glass": {
    "criteria": {
      "has_glass": "2024-05-12 16:35:59 +0000"
    },
    "done": true
  },
  "smallships:recipes/transportation/spruce_cog": {
    "criteria": {
      "in_water": "2024-05-12 16:34:16 +0000"
    },
    "done": true
  },
  "additionallanterns:recipes/misc/amethyst_lantern_pink": {
    "criteria": {
      "recipe_condition": "2024-05-12 16:30:19 +0000"
    },
    "done": true
  },
  "connectedglass:recipes/misc/borderless_glass_orange2": {
    "criteria": {
      "recipe_condition1": "2024-05-12 16:35:59 +0000"
    },
    "done": true
  },
  "chiselsandbits:recipes/tools/magnifying_glass": {
    "criteria": {
      "has_g": "2024-05-12 16:35:59 +0000"
    },
    "done": true
  },
  "ancient_elements:abyssal_conqueror": {
    "criteria": {
      "abyssal_conqueror": "2024-05-12 16:34:24 +0000"
    },
    "done": true
  },
  "securitycraft:recipes/building_blocks/reinforced_purple_stained_glass_pane_from_glass": {
    "criteria": {
      "has_glass": "2024-05-12 16:35:59 +0000"
    },
    "done": true
  },
  "smallships:recipes/transportation/jungle_cog": {
    "criteria": {
      "in_water": "2024-05-12 16:34:16 +0000"
    },
    "done": true
  },
  "additionallanterns:recipes/misc/bone_lantern_orange": {
    "criteria": {
      "recipe_condition": "2024-05-12 16:30:21 +0000"
    },
    "done": true
  },
  "ironchest:recipes/decorations/upgrades/gold_to_diamond_chest_upgrade": {
    "criteria": {
      "has_glass": "2024-05-12 16:35:59 +0000"
    },
    "done": true
  },
  "securitycraft:recipes/building_blocks/reinforced_lime_stained_glass_pane_from_glass": {
    "criteria": {
      "has_glass": "2024-05-12 16:35:59 +0000"
    },
    "done": true
  },
  "create:recipes/building_blocks/horizontal_framed_glass_from_glass_colorless_stonecutting": {
    "criteria": {
      "has_glass_colorless": "2024-05-12 16:35:59 +0000"
    },
    "done": true
  },
  "smallships:recipes/transportation/oak_drakkar": {
    "criteria": {
      "in_water": "2024-05-12 16:34:16 +0000"
    },
    "done": true
  },
  "connectedglass:recipes/misc/borderless_glass_white2": {
    "criteria": {
      "recipe_condition1": "2024-05-12 16:35:59 +0000"
    },
    "done": true
  },
  "securitycraft:recipes/building_blocks/reinforced_purple_stained_glass_pane_from_dye": {
    "criteria": {
      "has_glass": "2024-05-12 16:35:59 +0000"
    },
    "done": true
  },
  "smallships:recipes/transportation/spruce_galley": {
    "criteria": {
      "in_water": "2024-05-12 16:34:16 +0000"
    },
    "done": true
  },
  "additionallanterns:recipes/misc/amethyst_lantern_gray": {
    "criteria": {
      "recipe_condition": "2024-05-12 16:30:19 +0000"
    },
    "done": true
  },
  "securitycraft:recipes/building_blocks/reinforced_black_stained_glass_pane_from_dye": {
    "criteria": {
      "has_glass": "2024-05-12 16:35:59 +0000"
    },
    "done": true
  },
  "additionallanterns:recipes/misc/bricks_lantern_brown": {
    "criteria": {
      "recipe_condition": "2024-05-12 16:30:21 +0000"
    },
    "done": true
  },
  "securitycraft:recipes/building_blocks/reinforced_yellow_stained_glass_pane_from_glass": {
    "criteria": {
      "has_glass": "2024-05-12 16:35:59 +0000"
    },
    "done": true
  },
  "securitycraft:recipes/building_blocks/reinforced_green_stained_glass_pane_from_glass": {
    "criteria": {
      "has_glass": "2024-05-12 16:35:59 +0000"
    },
    "done": true
  },
  "create:recipes/building_blocks/framed_glass_from_glass_colorless_stonecutting": {
    "criteria": {
      "has_glass_colorless": "2024-05-12 16:35:59 +0000"
    },
    "done": true
  },
  "securitycraft:recipes/building_blocks/reinforced_gray_stained_glass_pane_from_glass": {
    "criteria": {
      "has_glass": "2024-05-12 16:35:59 +0000"
    },
    "done": true
  },
  "additionallanterns:recipes/misc/amethyst_lantern_black": {
    "criteria": {
      "recipe_condition": "2024-05-12 16:30:19 +0000"
    },
    "done": true
  },
  "connectedglass:recipes/misc/borderless_glass_light_gray2": {
    "criteria": {
      "recipe_condition1": "2024-05-12 16:35:59 +0000"
    },
    "done": true
  },
  "securitycraft:recipes/building_blocks/reinforced_blue_stained_glass": {
    "criteria": {
      "has_glass": "2024-05-12 16:35:59 +0000"
    },
    "done": true
  },
  "mekanismgenerators:wind_generator": {
    "criteria": {
      "wind_generator": "2024-05-12 16:29:12 +0000"
    },
    "done": true
  },
  "ironchest:recipes/decorations/chests/diamond_crystal_chest": {
    "criteria": {
      "has_glass": "2024-05-12 16:35:59 +0000"
    },
    "done": true
  },
  "securitycraft:recipes/building_blocks/reinforced_red_stained_glass_pane_from_glass": {
    "criteria": {
      "has_glass": "2024-05-12 16:35:59 +0000"
    },
    "done": true
  },
  "twilightforest:recipes/transportation/mining_boat": {
    "criteria": {
      "in_water": "2024-05-12 16:34:16 +0000"
    },
    "done": true
  },
  "additionallanterns:recipes/misc/bone_lantern_magenta": {
    "criteria": {
      "recipe_condition": "2024-05-12 16:30:21 +0000"
    },
    "done": true
  },
  "additionallanterns:recipes/misc/bricks_lantern_light_blue": {
    "criteria": {
      "recipe_condition": "2024-05-12 16:30:21 +0000"
    },
    "done": true
  },
  "smallships:recipes/transportation/bamboo_cog": {
    "criteria": {
      "in_water": "2024-05-12 16:34:16 +0000"
    },
    "done": true
  },
  "additionallanterns:recipes/misc/bricks_lantern_lime": {
    "criteria": {
      "recipe_condition": "2024-05-12 16:30:21 +0000"
    },
    "done": true
  },
  "adchimneys:recipes/building_blocks/stone_pump": {
    "criteria": {
      "has_item": "2024-05-12 16:30:33 +0000"
    },
    "done": true
  },
  "securitycraft:recipes/building_blocks/reinforced_lime_stained_glass": {
    "criteria": {
      "has_glass": "2024-05-12 16:35:59 +0000"
    },
    "done": true
  },
  "additionallanterns:recipes/misc/bone_lantern_pink": {
    "criteria": {
      "recipe_condition": "2024-05-12 16:30:21 +0000"
    },
    "done": true
  },
  "adchimneys:recipes/building_blocks/glass_chimney": {
    "criteria": {
      "has_item": "2024-05-12 16:35:59 +0000"
    },
    "done": true
  },
  "connectedglass:recipes/misc/borderless_glass_yellow2": {
    "criteria": {
      "recipe_condition1": "2024-05-12 16:35:59 +0000"
    },
    "done": true
  },
  "biomesoplenty:recipes/transportation/fir_boat": {
    "criteria": {
      "in_water": "2024-05-12 16:34:16 +0000"
    },
    "done": true
  },
  "additionallanterns:recipes/misc/amethyst_lantern_colorless": {
    "criteria": {
      "recipe_condition": "2024-05-12 16:30:19 +0000"
    },
    "done": true
  },
  "securitycraft:recipes/building_blocks/reinforced_gray_stained_glass": {
    "criteria": {
      "has_glass": "2024-05-12 16:35:59 +0000"
    },
    "done": true
  },
  "smallships:recipes/transportation/acacia_brigg": {
    "criteria": {
      "in_water": "2024-05-12 16:34:16 +0000"
    },
    "done": true
  },
  "connectedglass:recipes/misc/borderless_glass_purple2": {
    "criteria": {
      "recipe_condition1": "2024-05-12 16:35:59 +0000"
    },
    "done": true
  },
  "additionallanterns:recipes/misc/basalt_lantern_purple": {
    "criteria": {
      "recipe_condition": "2024-05-12 16:30:19 +0000"
    },
    "done": true
  },
  "additionallanterns:recipes/misc/bricks_lantern_orange": {
    "criteria": {
      "recipe_condition": "2024-05-12 16:30:21 +0000"
    },
    "done": true
  },
  "securitycraft:recipes/building_blocks/reinforced_pink_stained_glass_pane_from_glass": {
    "criteria": {
      "has_glass": "2024-05-12 16:35:59 +0000"
    },
    "done": true
  },
  "adchimneys:recipes/building_blocks/stone_vent": {
    "criteria": {
      "has_item": "2024-05-12 16:30:33 +0000"
    },
    "done": true
  },
  "securitycraft:recipes/building_blocks/reinforced_brown_stained_glass": {
    "criteria": {
      "has_glass": "2024-05-12 16:35:59 +0000"
    },
    "done": true
  },
  "additionallanterns:recipes/misc/bone_lantern_gray": {
    "criteria": {
      "recipe_condition": "2024-05-12 16:30:21 +0000"
    },
    "done": true
  },
  "connectedglass:recipes/misc/borderless_glass_pink2": {
    "criteria": {
      "recipe_condition1": "2024-05-12 16:35:59 +0000"
    },
    "done": true
  },
  "biomesoplenty:recipes/transportation/hellbark_boat": {
    "criteria": {
      "in_water": "2024-05-12 16:34:16 +0000"
    },
    "done": true
  },
  "additionallanterns:recipes/misc/amethyst_lantern_brown": {
    "criteria": {
      "recipe_condition": "2024-05-12 16:30:19 +0000"
    },
    "done": true
  },
  "biomesoplenty:recipes/transportation/jacaranda_boat": {
    "criteria": {
      "in_water": "2024-05-12 16:34:16 +0000"
    },
    "done": true
  },
  "additionallanterns:recipes/misc/bricks_lantern_colorless": {
    "criteria": {
      "recipe_condition": "2024-05-12 16:30:21 +0000"
    },
    "done": true
  },
  "smallships:recipes/transportation/jungle_drakkar": {
    "criteria": {
      "in_water": "2024-05-12 16:34:16 +0000"
    },
    "done": true
  },
  "undergarden:recipes/transportation/smogstem_boat": {
    "criteria": {
      "in_water": "2024-05-12 16:34:16 +0000"
    },
    "done": true
  },
  "additionallanterns:recipes/misc/amethyst_lantern_light_gray": {
    "criteria": {
      "recipe_condition": "2024-05-12 16:30:19 +0000"
    },
    "done": true
  },
  "smallships:recipes/transportation/cherry_brigg": {
    "criteria": {
      "in_water": "2024-05-12 16:34:16 +0000"
    },
    "done": true
  },
  "securitycraft:recipes/building_blocks/reinforced_yellow_stained_glass_pane_from_dye": {
    "criteria": {
      "has_glass": "2024-05-12 16:35:59 +0000"
    },
    "done": true
  },
  "securitycraft:recipes/building_blocks/reinforced_light_blue_stained_glass": {
    "criteria": {
      "has_glass": "2024-05-12 16:35:59 +0000"
    },
    "done": true
  },
  "twilightforest:recipes/transportation/sorting_boat": {
    "criteria": {
      "in_water": "2024-05-12 16:34:16 +0000"
    },
    "done": true
  },
  "securitycraft:recipes/building_blocks/reinforced_pink_stained_glass": {
    "criteria": {
      "has_glass": "2024-05-12 16:35:59 +0000"
    },
    "done": true
  },
  "smallships:recipes/transportation/mangrove_cog": {
    "criteria": {
      "in_water": "2024-05-12 16:34:16 +0000"
    },
    "done": true
  },
  "securitycraft:recipes/building_blocks/reinforced_brown_stained_glass_pane_from_glass": {
    "criteria": {
      "has_glass": "2024-05-12 16:35:59 +0000"
    },
    "done": true
  },
  "additionallanterns:recipes/misc/bone_lantern_cyan": {
    "criteria": {
      "recipe_condition": "2024-05-12 16:30:21 +0000"
    },
    "done": true
  },
  "additionallanterns:recipes/misc/basalt_lantern_blue": {
    "criteria": {
      "recipe_condition": "2024-05-12 16:30:19 +0000"
    },
    "done": true
  },
  "securitycraft:recipes/building_blocks/reinforced_green_stained_glass_pane_from_dye": {
    "criteria": {
      "has_glass": "2024-05-12 16:35:59 +0000"
    },
    "done": true
  },
  "securitycraft:recipes/building_blocks/reinforced_orange_stained_glass": {
    "criteria": {
      "has_glass": "2024-05-12 16:35:59 +0000"
    },
    "done": true
  },
  "additionallanterns:recipes/misc/basalt_lantern_lime": {
    "criteria": {
      "recipe_condition": "2024-05-12 16:30:19 +0000"
    },
    "done": true
  },
  "additionallanterns:recipes/misc/bone_lantern_white": {
    "criteria": {
      "recipe_condition": "2024-05-12 16:30:21 +0000"
    },
    "done": true
  },
  "securitycraft:recipes/building_blocks/reinforced_black_stained_glass": {
    "criteria": {
      "has_glass": "2024-05-12 16:35:59 +0000"
    },
    "done": true
  },
  "additionallanterns:recipes/misc/amethyst_lantern_magenta": {
    "criteria": {
      "recipe_condition": "2024-05-12 16:30:19 +0000"
    },
    "done": true
  },
  "additionallanterns:recipes/misc/bricks_lantern_magenta": {
    "criteria": {
      "recipe_condition": "2024-05-12 16:30:21 +0000"
    },
    "done": true
  },
  "additionallanterns:recipes/misc/basalt_lantern_yellow": {
    "criteria": {
      "recipe_condition": "2024-05-12 16:30:19 +0000"
    },
    "done": true
  },
  "connectedglass:recipes/misc/borderless_glass_black2": {
    "criteria": {
      "recipe_condition1": "2024-05-12 16:35:59 +0000"
    },
    "done": true
  },
  "securitycraft:recipes/building_blocks/reinforced_blue_stained_glass_pane_from_dye": {
    "criteria": {
      "has_glass": "2024-05-12 16:35:59 +0000"
    },
    "done": true
  },
  "smallships:recipes/transportation/dark_oak_brigg": {
    "criteria": {
      "in_water": "2024-05-12 16:34:16 +0000"
    },
    "done": true
  },
  "smallships:recipes/transportation/birch_galley": {
    "criteria": {
      "in_water": "2024-05-12 16:34:16 +0000"
    },
    "done": true
  },
  "supplementaries:recipes/soap/spike": {
    "criteria": {
      "has_bamboo_spikes_tipped": "2024-05-12 16:27:54 +0000"
    },
    "done": true
  },
  "biomesoplenty:recipes/transportation/umbran_boat": {
    "criteria": {
      "in_water": "2024-05-12 16:34:16 +0000"
    },
    "done": true
  },
  "ironchest:recipes/decorations/upgrades/diamond_to_obsidian_chest_upgrade": {
    "criteria": {
      "has_glass": "2024-05-12 16:35:59 +0000"
    },
    "done": true
  },
  "securitycraft:recipes/building_blocks/reinforced_cyan_stained_glass": {
    "criteria": {
      "has_glass": "2024-05-12 16:35:59 +0000"
    },
    "done": true
  },
  "additionallanterns:recipes/misc/bone_lantern_green": {
    "criteria": {
      "recipe_condition": "2024-05-12 16:30:21 +0000"
    },
    "done": true
  },
  "fishofthieves:root": {
    "criteria": {
      "in_water": "2024-05-12 16:34:17 +0000"
    },
    "done": true
  },
  "chiselsandbits:recipes/tools/bit_storage": {
    "criteria": {
      "has_g": "2024-05-12 16:35:59 +0000"
    },
    "done": true
  },
  "additionallanterns:recipes/misc/bone_lantern_colorless": {
    "criteria": {
      "recipe_condition": "2024-05-12 16:30:21 +0000"
    },
    "done": true
  },
  "additionallanterns:recipes/misc/amethyst_lantern_blue": {
    "criteria": {
      "recipe_condition": "2024-05-12 16:30:19 +0000"
    },
    "done": true
  },
  "smallships:recipes/transportation/spruce_drakkar": {
    "criteria": {
      "in_water": "2024-05-12 16:34:16 +0000"
    },
    "done": true
  },
  "additionallanterns:recipes/misc/basalt_lantern_light_blue": {
    "criteria": {
      "recipe_condition": "2024-05-12 16:30:19 +0000"
    },
    "done": true
  },
  "additionallanterns:recipes/misc/amethyst_lantern_lime": {
    "criteria": {
      "recipe_condition": "2024-05-12 16:30:19 +0000"
    },
    "done": true
  },
  "twilightforest:recipes/transportation/twilight_oak_boat": {
    "criteria": {
      "in_water": "2024-05-12 16:34:16 +0000"
    },
    "done": true
  },
  "twilightforest:recipes/transportation/time_boat": {
    "criteria": {
      "in_water": "2024-05-12 16:34:16 +0000"
    },
    "done": true
  },
  "smallships:recipes/transportation/oak_brigg": {
    "criteria": {
      "in_water": "2024-05-12 16:34:16 +0000"
    },
    "done": true
  },
  "additionallanterns:recipes/misc/amethyst_lantern_red": {
    "criteria": {
      "recipe_condition": "2024-05-12 16:30:19 +0000"
    },
    "done": true
  },
  "securitycraft:recipes/building_blocks/reinforced_magenta_stained_glass_pane_from_dye": {
    "criteria": {
      "has_glass": "2024-05-12 16:35:59 +0000"
    },
    "done": true
  },
  "twilightforest:recipes/transportation/transformation_boat": {
    "criteria": {
      "in_water": "2024-05-12 16:34:16 +0000"
    },
    "done": true
  },
  "securitycraft:recipes/building_blocks/reinforced_cyan_stained_glass_pane_from_dye": {
    "criteria": {
      "has_glass": "2024-05-12 16:35:59 +0000"
    },
    "done": true
  },
  "additionallanterns:recipes/misc/bricks_lantern_gray": {
    "criteria": {
      "recipe_condition": "2024-05-12 16:30:21 +0000"
    },
    "done": true
  },
  "smallships:recipes/transportation/oak_cog": {
    "criteria": {
      "in_water": "2024-05-12 16:34:16 +0000"
    },
    "done": true
  },
  "additionallanterns:recipes/misc/amethyst_lantern_light_blue": {
    "criteria": {
      "recipe_condition": "2024-05-12 16:30:19 +0000"
    },
    "done": true
  },
  "additionallanterns:recipes/misc/amethyst_lantern_yellow": {
    "criteria": {
      "recipe_condition": "2024-05-12 16:30:19 +0000"
    },
    "done": true
  },
  "undergarden:recipes/transportation/wigglewood_boat": {
    "criteria": {
      "in_water": "2024-05-12 16:34:16 +0000"
    },
    "done": true
  },
  "smallships:recipes/transportation/birch_drakkar": {
    "criteria": {
      "in_water": "2024-05-12 16:34:16 +0000"
    },
    "done": true
  },
  "additionallanterns:recipes/misc/basalt_lantern_green": {
    "criteria": {
      "recipe_condition": "2024-05-12 16:30:19 +0000"
    },
    "done": true
  },
  "biomesoplenty:recipes/transportation/mahogany_boat": {
    "criteria": {
      "in_water": "2024-05-12 16:34:16 +0000"
    },
    "done": true
  },
  "twilightforest:recipes/transportation/dark_boat": {
    "criteria": {
      "in_water": "2024-05-12 16:34:16 +0000"
    },
    "done": true
  },
  "additionallanterns:recipes/misc/bricks_lantern_light_gray": {
    "criteria": {
      "recipe_condition": "2024-05-12 16:30:21 +0000"
    },
    "done": true
  },
  "connectedglass:recipes/misc/borderless_glass_magenta2": {
    "criteria": {
      "recipe_condition1": "2024-05-12 16:35:59 +0000"
    },
    "done": true
  },
  "connectedglass:recipes/misc/borderless_glass_pane3": {
    "criteria": {
      "recipe_condition": "2024-05-12 16:35:59 +0000"
    },
    "done": true
  },
  "additionallanterns:recipes/misc/basalt_lantern_white": {
    "criteria": {
      "recipe_condition": "2024-05-12 16:30:19 +0000"
    },
    "done": true
  },
  "connectedglass:recipes/misc/borderless_glass_cyan2": {
    "criteria": {
      "recipe_condition1": "2024-05-12 16:35:59 +0000"
    },
    "done": true
  },
  "additionallanterns:recipes/misc/bricks_lantern_pink": {
    "criteria": {
      "recipe_condition": "2024-05-12 16:30:21 +0000"
    },
    "done": true
  },
  "connectedglass:recipes/misc/clear_glass1": {
    "criteria": {
      "recipe_condition": "2024-05-12 16:35:59 +0000"
    },
    "done": true
  },
  "create:recipes/building_blocks/tiled_glass_from_glass_colorless_stonecutting": {
    "criteria": {
      "has_glass_colorless": "2024-05-12 16:35:59 +0000"
    },
    "done": true
  },
  "smallships:recipes/transportation/cherry_cog": {
    "criteria": {
      "in_water": "2024-05-12 16:34:16 +0000"
    },
    "done": true
  },
  "DataVersion": 3465
}